,0
C0_lead1_PM10,82678914261.36719
raw_PM10,32249568037.121094
D_city_lead1_PM10,5463243373.181641
D_city_med_PM10,5170322367.996094
D_city_mean_PM10,4779864804.828125
D_city_lead1_CO,3746649949.888672
C0_lead1_CO,3277919074.732422
C0_lead2_PM10,3088642229.5351562
D_city_lag1_CO,2944440381.5859375
D_city_mean_CO,2432745764.9941406
D_city_med_CO,1352194815.6679688
D_city_lag1_PM10,1055788139.3798828
B_dewpoint_depression,851710469.7089844
B_rh,824682095.9902344
C_lag1_PM10,806568680.359375
raw_station,750788420.4619141
C0_lead2_CO,614682377.90625
D_city_max_CO,575908646.5019531
C_lag12_CO,382211403.3964844
C0_lead1_SO2,363933874.2949219
C_lag12_TEMP,353977092.26464844
raw_CO,344421882.8964844
C0_delta1_PM10,336372119.4667969
C_lag6_DEWP,318590787.234375
C_lag24_CO,294294060.4589844
C_lag3_DEWP,282984904.5175781
C_lag6_CO,281892952.2089844
D_city_mean_SO2,266361648.29296875
D_city_mean_O3,254737673.56835938
C_lag3_CO,253469535.328125
C_lag6_TEMP,239297734.83398438
C_lag1_DEWP,227955914.67773438
C_lag24_PRES,219228764.27539062
C_diff24_PRES,213318428.7890625
C_lag2_DEWP,212201820.4140625
D_city_med_SO2,208294396.84375
C_lag1_CO,205531439.70410156
D_anom_PM10,198748232.12304688
C_lag12_DEWP,172735880.7001953
C_diff24_DEWP,168026087.88671875
raw_wd,166955319.16210938
C_lag24_DEWP,153269859.8720703
C_lag1_TEMP,152155562.21679688
D_city_med_O3,143671041.1015625
D_city_std_PM10,143135420.83789062
D_city_lead1_NO2,139105867.00390625
C_lag24_SO2,128410865.21972656
C_lag12_PM10,125857132.3984375
C_lag12_PRES,125526000.26171875
C_lag6_PRES,123279175.734375
C_diff24_TEMP,117809409.390625
raw_DEWP,117232130.17871094
D_city_max_PM10,115411714.09765625
C_diff24_PM10,115270488.46679688
D_city_med_NO2,112900249.46484375
D_city_mean_WSPM,112044030.82226562
C0_lead1_DEWP,109676330.72070312
D_city_range_PM10,107971872.62304688
C_lag3_PRES,106001199.06054688
C0_lead3_DEWP,105193678.5
C_lag2_PM10,101077782.38867188
C_diff3_DEWP,100529258.18945312
D_city_std_CO,95528409.88085938
C_lag24_TEMP,90970925.53027344
C_lag2_CO,90185796.2890625
C0_lead1_wind_v,87568654.88671875
C0_lead3_TEMP,87310521.5859375
D_anom_SO2,85600967.7265625
C_diff3_TEMP,83309547.92382812
C_lag24_PM10,83074274.80664062
C_lag3_TEMP,82910512.7109375
D_city_mean_TEMP,81948719.54003906
C_diff3_PRES,80992261.40527344
D_city_mean_NO2,79751406.53027344
C0_lead1_wind_u,79139135.3671875
C0_lead1_PRES,78818962.484375
C0_lead1_O3,71168465.16601562
raw_SO2,71072771.78515625
C_diff1_DEWP,70835887.66601562
C_lag6_O3,70679246.58398438
C_lag2_TEMP,70322779.1484375
D_city_lag1_NO2,68495231.25
C0_lead2_O3,67247664.60742188
D_city_range_CO,66559738.171875
C0_lead1_NO2,65827973.828125
C_lag6_PM10,65204707.220703125
C_lag6_SO2,62989742.208984375
C0_lead3_O3,62981003.298828125
raw_O3,62405146.60546875
C_diff3_O3,60702122.91796875
C_lag3_PM10,60582413.703125
C0_lead2_DEWP,59031934.107421875
C_lag12_SO2,58857920.28515625
C_lag12_O3,56798463.322265625
C_lag2_O3,54847488.26953125
C_lag3_O3,54587001.51171875
C_lag24_O3,54047089.478515625
raw_PRES,53794909.1171875
C_lag2_PRES,49663170.7734375
C_lag1_O3,49428362.5
C_diff1_PM10,48576226.1015625
C_lag1_PRES,47134424.427734375
D_anom_NO2,46997268.6015625
C_diff24_SO2,46132292.984375
C0_lead3_PM10,46084282.32421875
C_diff3_PM10,45726826.22753906
D_city_diff1_PM10,45533616.005859375
C0_lead2_TEMP,41950137.578125
C0_delta1_PRES,40958623.484375
D_anom_CO,40187082.701171875
D_city_diff1_CO,38000288.248046875
C0_lead3_CO,37049437.4453125
C_lag6_NO2,35872886.1640625
D_anom_O3,35670187.58203125
C_lag3_SO2,35420062.484375
C_diff3_SO2,34556205.37109375
C0_lead2_NO2,34140128.29296875
C_diff1_PRES,34098486.708984375
C_diff24_NO2,33459669.03125
C_lag12_NO2,32380645.193359375
C0_delta1_CO,32256524.69921875
C0_delta1_SO2,31836968.275390625
C_diff24_CO,31529073.646484375
C_lag2_SO2,29979136.712890625
C0_lead3_NO2,29175581.673828125
C_lag24_NO2,27986558.3671875
C0_lead1_TEMP,26942772.302734375
C_lag1_SO2,24665613.828125
C_lag1_WSPM,24456545.689453125
C0_delta1_DEWP,24104109.326171875
D_city_diff1_NO2,24073742.390625
raw_TEMP,21978739.19921875
C_diff1_O3,21917053.396484375
raw_NO2,21625732.6953125
C_diff24_O3,20859028.69140625
B_wind_v,20718973.125
C0_delta1_O3,20643143.107421875
C0_delta1_TEMP,20340091.890625
C_diff1_TEMP,20180009.3984375
C0_delta1_NO2,17503019.0
C_diff3_NO2,14957055.517578125
C0_lead3_WSPM,14112358.180664062
C_lag3_NO2,13449356.302734375
C_lag2_NO2,13204711.27734375
C_diff1_NO2,11733478.791015625
B_wind_u,11424175.4140625
C_diff1_CO,10783471.48828125
C_lag12_WSPM,10069646.11328125
C0_lead1_WSPM,10064929.513671875
C_diff24_WSPM,9944636.697265625
C_lag1_NO2,9834710.703125
C_diff3_CO,9590501.591796875
C0_lead2_WSPM,9510915.369140625
C_lag2_WSPM,9197680.293945312
C_lag24_WSPM,8084811.294921875
C_diff3_WSPM,8031589.314453125
C_diff1_SO2,7862237.61328125
C_lag3_WSPM,7786758.09375
C_diff1_WSPM,6698320.388671875
raw_WSPM,6033309.78515625
C_lag6_WSPM,5880239.388671875
C0_delta1_WSPM,5442606.8046875
B_wd_cos,4995608.306640625
B_wd_sin,3858563.80078125
B_stagnation,1936499.59765625
raw_RAIN,1566170.291015625
C0_lead1_RAIN,1144727.19140625
C0_delta1_RAIN,1011701.79296875
B_is_raining,165780.5
C0_has_lead,0.0
